{"host": "ChinaViet Swine", "virus": "h3nx", "subtype": null, "gene": "pb1", "window": 3, "min_seqs": 3, "midfreq_high": 0.75, "midfreq_low": 0.15, "window_midpoint": [2012.5, 2013.5, 2015.5, 2016.5], "adaptive_substitutions": [0.0, 0.0, 1.6488031199569664, 1.7138892711343516], "adaptive_substitutions_per_codon": [0.0, 0.0, 0.0021752020052202723, 0.0022610676400189335], "rate_of_adaptation": 0.0006697337285258139, "bootstrap_adaptive_substitutions": [[0.0, 0.0, 3.5968750000000003, 3.687427325581395], [0.0, 0.0, 1.5925901022054871, 1.6576762533828724], [0.0, 0.0, 1.6931117203564088, 1.758013612381848], [0.0, 0.0, 2.6168127900979887, 2.7043429243076624], [0.0, 0.0, 1.5059642883603765, 1.5714448171945188], [0.0, 0.0, 5.015166742804934, 5.234813602898212], [0.0, 0.0, 3.681818181818182, 3.7906976744186043], [0.0, 0.0, 0.7973770628091617, 0.8199615061515722], [0.0, 0.0, 1.3307210031347965, 1.396685378241112], [0.0, 0.0, 1.5081473167892923, 1.57374974745058], [0.0, 0.0, 1.4665570371429595, 1.5523873103549186], [0.0, 0.0, 1.772727272727273, 1.8372093023255813], [0.0, 0.0, 0.7363723026258775, 0.7589731083867248], [0.0, 0.0, 0.8395459689311067, 0.8619038011105945], [0.0, 0.0, 1.6675407925407928, 1.732626943718178], [0.0, 0.0, 0.9545454545454546, 0.9767441860465116], [0.0, 0.0, 2.7272727272727275, 2.8139534883720927], [0.0, 0.0, 0.7668189265676978, 0.7894783635832496], [0.0, 0.0, 1.772727272727273, 1.8372093023255813], [0.0, 0.0, 1.605598405407748, 1.6712483649987806], [0.0, 0.0, 2.7703929713634525, 2.837500822840162], [0.0, 0.0, 0.9545454545454546, 0.9767441860465116], [0.0, 0.0, 3.5718119325074444, 3.6815279436519055], [0.0, 0.0, 2.662972793629728, 2.7502546257002205], [0.0, 0.0, 3.3787104434463893, 3.509065937693963], [0.0, 0.0, 1.6471498771498774, 1.7122941546197359], [0.0, 0.0, 0.6215431209969714, 0.6442025580125232], [0.0, 0.0, 3.559634126857326, 3.670331466873748], [0.0, 0.0, 0.0, 0.0], [0.0, 0.0, 1.6363636363636365, 1.7209302325581395], [0.0, 0.0, 2.3567907995618844, 2.464913919242863], [0.0, 0.0, 2.8636363636363638, 2.9302325581395348], [0.0, 0.0, 1.5858183628218472, 1.6310555986433144], [0.0, 0.0, 0, 0], [0.0, 0.0, 0.8855079938112429, 0.9079242476942082], [0.0, 0.0, 2.6802685950413223, 2.7476215644820297], [0.0, 0.0, 0.07630868107302546, 0.09958778116660316], [0.0, 0.0, 0.9545454545454546, 0.9767441860465116], [0.0, 0.0, 0.6276252420435927, 0.6707860744541678], [0.0, 0.0, 0, 0], [0.0, 0.0, 1.5428981169721911, 1.6085005476334788], [0.0, 0.0, 1.772727272727273, 1.8372093023255813], [0.0, 0.0, 0.8181818181818182, 0.8604651162790697], [0.0, 0.0, 0.9545454545454546, 0.9767441860465116], [0.0, 0.0, 3.5553071253071256, 3.665304839723444], [0.0, 0.0, 1.6266093366093368, 1.6917536140791953], [0.0, 0.0, 1.9090909090909092, 1.9534883720930232], [0.0, 0.0, 2.5698920300008243, 2.657319361572034], [0.0, 0.0, 1.640803262609055, 1.705981009732842], [0.0, 0.0, 0.0, 0.0], [0.0, 0.0, 1.5798977142260726, 1.6252636637919524], [0.0, 0.0, 2.7370867768595044, 2.8044397463002113], [0.0, 0.0, 1.6233590138674885, 1.6689002759164366], [0.0, 0.0, 0.8181818181818182, 0.8604651162790697], [0.0, 0.0, 0.0, 0.0], [0.0, 0.0, 2.4445275803300497, 2.532714454333748], [0.0, 0.0, 1.534006734006734, 1.6192734458124334], [0.0, 0.0, 3.5794949086497816, 3.6892109197942426], [0.0, 0.0, 1.4132449273046814, 1.4992234438222911], [0.0, 0.0, 0, 0], [0.0, 0.0, 0.8585456070774863, 0.8809212579990635], [0.0, 0.0, 2.535645205857972, 2.623577436912419], [0.0, 0.0, 3.156246738336291, 3.3085467118788885], [0.0, 0.0, 1.5858183628218472, 1.6310555986433144], [0.0, 0.0, 2.7272727272727275, 2.8139534883720927], [0.0, 0.0, 0.4075781587667484, 0.4508163490951977], [0.0, 0.0, 2.5909090909090913, 2.697674418604651], [0.0, 0.0, 2.6159765692298858, 2.7036977184915303], [0.0, 0.0, 0.6518762457751972, 0.6949253996053827], [0.0, 0.0, 1.772727272727273, 1.8372093023255813], [0.0, 0.0, 1.5900153719658243, 1.655460955289943], [0.0, 0.0, 0, 0], [0.0, 0.0, 1.7639694481134784, 1.8088997928572477], [0.0, 0.0, 0, 0], [0.0, 0.0, 0.9545454545454546, 0.9767441860465116], [0.0, 0.0, 1.772727272727273, 1.8372093023255813], [0.0, 0.0, 2.565447373139681, 2.6529402320994446], [0.0, 0.0, 1.54243199255987, 1.5879081662998868], [0.0, 0.0, 1.772727272727273, 1.8372093023255813], [0.0, 0.0, 1.9090909090909092, 1.9534883720930232], [0.0, 0.0, 1.772727272727273, 1.8372093023255813], [0.0, 0.0, 1.6632204396910282, 1.7282363074428737], [0.0, 0.0, 0.0, 0.0], [0.0, 0.0, 5.162617720545839, 5.359172034023304], [0.0, 0.0, 3.545454545454546, 3.674418604651162], [0.0, 0.0, 0.7701310113436652, 0.7927003719295378], [0.0, 0.0, 3.545454545454546, 3.674418604651162], [0.0, 0.0, 0.8205651105651106, 0.8429918290383406], [0.0, 0.0, 2.7935588889804666, 2.8607286681144446], [0.0, 0.0, 2.495570341506452, 2.6031559446675256], [0.0, 0.0, 1.6922602105551938, 1.7572043897432297], [0.0, 0.0, 0.9545454545454546, 0.9767441860465116], [0.0, 0.0, 0.0, 0.0], [0.0, 0.0, 0.6759358288770054, 0.718569184779855], [0.0, 0.0, 2.6406646325772893, 2.728011359896181], [0.0, 0.0, 1.9090909090909092, 1.9534883720930232], [0.0, 0.0, 2.090695689287239, 2.1812424937220216], [0.0, 0.0, 0.7086126869520372, 0.7513103133957806], [0.0, 0.0, 1.52992628992629, 1.6153614079195473], [0.0, 0.0, 2.4545454545454546, 2.5813953488372094]],