{"host": "canineH3N8", "virus": "h3nx", "subtype": null, "gene": "na", "window": 3, "min_seqs": 3, "midfreq_high": 0.75, "midfreq_low": 0.15, "window_midpoint": [2006.5, 2007.5, 2008.5, 2009.5, 2010.5, 2011.5, 2012.5, 2013.5], "adaptive_substitutions": [0.0, 0.0, 0.0, 0.0, 0.0, 0.5284403669724771, 1.8495412844036698, 3.811926605504587], "adaptive_substitutions_per_codon": [0.0, 0.0, 0.0, 0.0, 0.0, 0.0011219540700052593, 0.003926839245018407, 0.008093262432069186], "rate_of_adaptation": 0.0009482487554713347, "bootstrap_adaptive_substitutions": [[0.0, 0.0, 0.0, 0.0, 0.0, 0.6664136622390893, 3.998481973434535, 7.149905123339658], [0.0, 0.0, 0.0, 0.0, 0.0, 0.9693430656934306, 2.499270072992701, 5.127737226277372], [0.0, 0.0, 0.0, 0.0, 0.0, 0, 1.1063004846526654, 2.216478190630048], [0.0, 0.0, 0.0, 0.0, 0.0, 1.046153846153846, 1.1794871794871793, 0.6666666666666665], [0.0, 0.0, 0.0, 0.0, 0.0, 0.6626349892008639, 3.295032397408207, 3.397408207343412], [0.0, 0.0, 0.0, 0.0, 0.0, 1.2512820512820513, 5.635897435897435, 6.051282051282051], [0.0, 0.0, 0.0, 0.0, 0.0, 0, 0, 0.0], [0.0, 0.0, 0.0, 0.0, 0.0, 0, 0, 2.3658536585365852], [0.0, 0.0, 0.0, 0.0, 0.0, 0, 0.35180055401662047, 3.1357340720221605], [0.0, 0.0, 0.0, 0.0, 0.0, 0, 1.194920634920635, 1.1587301587301586], [0.0, 0.0, 0.0, 0.0, 0.0, 0.7302970297029703, 1.8475247524752474, 2.8257425742574256], [0.0, 0.0, 0.0, 0.0, 0.0, 0.4259740259740259, 3.4909090909090907, 5.48051948051948], [0.0, 0.0, 0.0, 0.0, 0.0, 0.0, 3.4000000000000004, 6.0], [0.0, 0.0, 0.0, 0.0, 0.0, 1.4382978723404256, 4.4950354609929075, 4.8546099290780145], [0.0, 0.0, 0.0, 0.0, 0.0, 1.5297872340425533, 2.501595744680851, 4.707446808510638], [0.0, 0.0, 0.0, 0.0, 0.0, 0.7311475409836066, 5.619672131147542, 9.139344262295081], [0.0, 0.0, 0.0, 0.0, 0.0, 0.2348258706467662, 1.2333333333333334, 2.8208955223880596], [0.0, 0.0, 0.0, 0.0, 0.0, 0, 0, 1.2767123287671232], [0.0, 0.0, 0.0, 0.0, 0.0, 0, 1.3548387096774193, 3.153225806451613], [0.0, 0.0, 0.0, 0.0, 0.0, 1.3568238213399504, 2.7325062034739456, 4.741935483870968], [0.0, 0.0, 0.0, 0.0, 0.0, 0, 0.5492227979274611, 1.9481865284974091], [0.0, 0.0, 0.0, 0.0, 0.0, 1.0679706601466994, 1.2039119804400977, 2.65281173594132], [0.0, 0.0, 0.0, 0.0, 0.0, 0.6394366197183099, 3.2953722334004025, 6.388329979879275], [0.0, 0.0, 0.0, 0.0, 0.0, 0.7298461538461539, 0.3569230769230769, 0.006153846153846176], [0.0, 0.0, 0.0, 0.0, 0.0, 1.2116788321167884, 4.0510948905109485, 5.260340632603406], [0.0, 0.0, 0.0, 0.0, 0.0, 1.0906187624750499, 2.594011976047904, 6.8003992015968056], [0.0, 0.0, 0.0, 0.0, 0.0, 0.6439024390243903, 0.4634146341463413, 2.170731707317073], [0.0, 0.0, 0.0, 0.0, 0.0, 0, 0, 0.5814977973568282], [0.0, 0.0, 0.0, 0.0, 0.0, 0.5170603674540682, 0.6482939632545931, 1.5564304461942253], [0.0, 0.0, 0.0, 0.0, 0.0, 1.4952054794520548, 2.7534246575342465, 3.660958904109589], [0.0, 0.0, 0.0, 0.0, 0.0, 1.542857142857143, 4.5095238095238095, 6.666666666666667], [0.0, 0.0, 0.0, 0.0, 0.0, 0.38661087866108784, 1.3757322175732216, 2.807531380753138], [0.0, 0.0, 0.0, 0.0, 0.0, 0, 4.092307692307692, 7.331983805668016], [0.0, 0.0, 0.0, 0.0, 0.0, 0.4246636771300448, 2.5762331838565022, 5.273542600896861], [0.0, 0.0, 0.0, 0.0, 0.0, 0.7482479784366577, 1.8706199460916442, 1.6118598382749325], [0.0, 0.0, 0.0, 0.0, 0.0, 0, 0.5394230769230766, 3.6298076923076916], [0.0, 0.0, 0.0, 0.0, 0.0, 0, 2.137142857142857, 4.079365079365079], [0.0, 0.0, 0.0, 0.0, 0.0, 0, 0.907163323782235, 2.8022922636103154], [0.0, 0.0, 0.0, 0.0, 0.0, 0, 1.5808080808080804, 2.5404040404040398], [0.0, 0.0, 0.0, 0.0, 0.0, 0.691304347826087, 3.694927536231884, 6.8224637681159415], [0.0, 0.0, 0.0, 0.0, 0.0, 0.9546666666666667, 2.2666666666666666, 2.8266666666666667], [0.0, 0.0, 0.0, 0.0, 0.0, 0.41, 3.11, 6.25], [0.0, 0.0, 0.0, 0.0, 0.0, 1.4122699386503068, 4.18159509202454, 6.226993865030675], [0.0, 0.0, 0.0, 0.0, 0.0, 0.7922705314009663, 0.6521739130434783, 3.5362318840579707], [0.0, 0.0, 0.0, 0.0, 0.0, 0.1494646680942182, 1.2051391862955028, 1.9014989293361877], [0.0, 0.0, 0.0, 0.0, 0.0, 0.45079365079365075, 1.236111111111111, 3.581349206349206], [0.0, 0.0, 0.0, 0.0, 0.0, 1.8151898734177219, 3.453164556962025, 7.139240506329114], [0.0, 0.0, 0.0, 0.0, 0.0, 0, 0, 1.1509009009009006], [0.0, 0.0, 0.0, 0.0, 0.0, 2.1942084942084947, 5.150965250965251, 8.12934362934363], [0.0, 0.0, 0.0, 0.0, 0.0, 0.5843971631205673, 3.0340425531914894, 5.25886524822695], [0.0, 0.0, 0.0, 0.0, 0.0, 0, 1.1902439024390246, 4.024390243902439], [0.0, 0.0, 0.0, 0.0, 0.0, 0.1732739420935412, 0.8988864142538975, 3.910913140311804], [0.0, 0.0, 0.0, 0.0, 0.0, 1.458233890214797, 3.2482100238663487, 5.579952267303103], [0.0, 0.0, 0.0, 0.0, 0.0, 0.7337423312883435, 2.191411042944785, 5.5030674846625764], [0.0, 0.0, 0.0, 0.0, 0.0, 0.6926829268292684, 1.6585365853658536, 5.512195121951219], [0.0, 0.0, 0.0, 0.0, 0.0, 0, 2.081720430107527, 2.8632872503840243], [0.0, 0.0, 0.0, 0.0, 0.0, 1.2189655172413794, 3.993103448275862, 6.655172413793103], [0.0, 0.0, 0.0, 0.0, 0.0, 0.676923076923077, 1.3846153846153846, 1.6666666666666663], [0.0, 0.0, 0.0, 0.0, 0.0, 0.5428571428571428, 2.384415584415584, 5.7142857142857135], [0.0, 0.0, 0.0, 0.0, 0.0, 0, 1.0097560975609756, 2.1219512195121952], [0.0, 0.0, 0.0, 0.0, 0.0, 0, 1.9839307787391844, 2.2435105067985166], [0.0, 0.0, 0.0, 0.0, 0.0, 0, 2.4, 3.4146341463414633], [0.0, 0.0, 0.0, 0.0, 0.0, 1.446288209606987, 2.01863173216885, 4.975254730713246], [0.0, 0.0, 0.0, 0.0, 0.0, 0, 0.0, 3.0048309178743957], [0.0, 0.0, 0.0, 0.0, 0.0, 0.24736842105263135, 1.7052631578947361, 3.763157894736841], [0.0, 0.0, 0.0, 0.0, 0.0, 1.0750542299349242, 3.076355748373102, 4.733188720173535], [0.0, 0.0, 0.0, 0.0, 0.0, 0.611111111111111, 2.6565656565656566, 5.484848484848484], [0.0, 0.0, 0.0, 0.0, 0.0, 0.5544615384615385, 1.4738461538461538, 2.1815384615384614], [0.0, 0.0, 0.0, 0.0, 0.0, 1.5446153846153847, 3.6835164835164833, 3.367032967032967], [0.0, 0.0, 0.0, 0.0, 0.0, 0, 0.38461538461538447, 0.8717948717948716], [0.0, 0.0, 0.0, 0.0, 0.0, 0.5290090090090089, 0.32252252252252245, 2.2378378378378376], [0.0, 0.0, 0.0, 0.0, 0.0, 0, 1.1866927592954988, 3.403131115459882], [0.0, 0.0, 0.0, 0.0, 0.0, 0.5928753180661578, 0.529262086513995, 4.0585241730279895], [0.0, 0.0, 0.0, 0.0, 0.0, 0, 2.481853281853282, 5.891891891891891], [0.0, 0.0, 0.0, 0.0, 0.0, 0.7669527896995708, 1.9399141630901287, 5.879828326180258], [0.0, 0.0, 0.0, 0.0, 0.0, 1.5695652173913044, 3.4681159420289855, 3.835144927536232], [0.0, 0.0, 0.0, 0.0, 0.0, 0, 0.41216216216216206, 0.0], [0.0, 0.0, 0.0, 0.0, 0.0, 0, 1.3604770017035774, 4.437819420783645], [0.0, 0.0, 0.0, 0.0, 0.0, 1.5804878048780489, 5.190243902439024, 8.560975609756097], [0.0, 0.0, 0.0, 0.0, 0.0, 1.1898305084745764, 3.788135593220339, 4.415254237288135], [0.0, 0.0, 0.0, 0.0, 0.0, 0.7728301886792454, 2.5924528301886793, 2.50566037735849], [0.0, 0.0, 0.0, 0.0, 0.0, 1.3453376205787781, 2.257234726688103, 1.7266881028938907], [0.0, 0.0, 0.0, 0.0, 0.0, 0, 0.5266019417475728, 0.8893203883495144], [0.0, 0.0, 0.0, 0.0, 0.0, 0.7544827586206897, 2.4889655172413794, 3.6206896551724137], [0.0, 0.0, 0.0, 0.0, 0.0, 0, 2.1408955223880595, 4.2925373134328355], [0.0, 0.0, 0.0, 0.0, 0.0, 0.7769452449567724, 1.8547550432276654, 3.731988472622478], [0.0, 0.0, 0.0, 0.0, 0.0, 0.6233128834355828, 2.8049079754601225, 3.0061349693251533], [0.0, 0.0, 0.0, 0.0, 0.0, 1.505054945054945, 3.841758241758242, 6.683516483516484], [0.0, 0.0, 0.0, 0.0, 0.0, 1.3730909090909091, 3.930181818181818, 6.865454545454545], [0.0, 0.0, 0.0, 0.0, 0.0, 1.0582089552238805, 3.138059701492537, 4.522388059701493], [0.0, 0.0, 0.0, 0.0, 0.0, 1.4138424821002387, 3.0088305489260145, 4.836515513126491], [0.0, 0.0, 0.0, 0.0, 0.0, 0, 0, 0.0], [0.0, 0.0, 0.0, 0.0, 0.0, 0.8357320099255582, 1.0893300248138955, 1.9156327543424316], [0.0, 0.0, 0.0, 0.0, 0.0, 0, 0.5853333333333333, 2.131111111111111], [0.0, 0.0, 0.0, 0.0, 0.0, 0, 0.9900249376558601, 3.8428927680798], [0.0, 0.0, 0.0, 0.0, 0.0, 0.562917933130699, 