{"host": "Thailand Swine", "virus": "h3nx", "subtype": null, "gene": "ns", "window": 3, "min_seqs": 3, "midfreq_high": 0.75, "midfreq_low": 0.15, "window_midpoint": [2012.5, 2013.5, 2014.5, 2015.5, 2016.5], "adaptive_substitutions": [0.0, 1.3036220627758464, 3.589850224512551, 0.0, 8.94684024952536], "adaptive_substitutions_per_codon": [0.0, 0.004510802985383551, 0.012421627074437893, 0.0, 0.030957924738842076], "rate_of_adaptation": 0.005740504649230061, "bootstrap_adaptive_substitutions": [[0.0, 1.3664223100842818, 3.2234851416189443, 0.0, 9.374709797245009], [0.0, 0.43885266139731677, 2.1697892601566466, 0.0, 2.287344339888432], [0.0, 1.317981577893472, 2.82837738619677, 0.0, 11.320484581497796], [0.0, 2.082472451790634, 5.5977483164983175, 0.0, 6.442196969696971], [0.0, 0.4174942704354469, 4.556022408963585, 0.0, 10.484873949579832], [0.0, 2.023661406368009, 2.700049798377302, 0.0, 9.570944468736336], [0.0, 0.7456532907901141, 6.300668418269547, 0.0, 12.222560975609753], [0.0, 0.4286899783588525, 0.784589224986576, 0.0, 11.563629855020581], [0.0, 0.8769611489706888, 1.3138903737818168, 0.0, 7.117726880217115], [0.0, 1.2142795344668273, 1.9418262337102035, 0.0, 8.799078762038906], [0.0, 0.45691111862115574, 0.438396176314392, 0.0, 9.714285714285714], [0.0, 0.295447057766444, 3.017837812397044, 0.0, 6.471407728149858], [0.0, 2.038563010084572, 4.82518156887563, 0.0, 7.938432329807432], [0.0, 0.73067287043665, 2.4164479440069995, 0.0, 4.264409448818897], [0.0, 1.4869420793402313, 2.7259788137570578, 0.0, 7.9048719025619505], [0.0, 0.5378275719625603, 0.16821209994212316, 0.0, 10.798514906350436], [0.0, 3.6313802234896984, 7.386843790012804, 0.0, 11.212307938540327], [0.0, 1.3774268966218277, 4.835797407545451, 0.0, 7.956516337433223], [0.0, 0.7514987131871349, 3.899728767587727, 0.0, 7.501101881674861], [0.0, 2.6684339174441423, 6.182663728899141, 0.0, 6.814387027920267], [0.0, 1.4848023344977421, 4.142426194939082, 0.0, 6.839268978444236], [0.0, 1.4907132721362069, 1.3937844835430262, 0.0, 8.257885202372385], [0.0, 0.7392633076773818, 5.072585861199146, 0.0, 4.4473514002975225], [0.0, 4.868679404379128, 11.275417898277444, 0.0, 8.325272653144431], [0.0, 0.7484589979809865, 3.8495734666862775, 0.0, 9.139211648771877], [0.0, 1.3405238828967643, 3.203154425612053, 0.0, 12.309322033898304], [0.0, 1.902604935667581, 3.8476089198246965, 0.0, 5.4518561484918795], [0.0, 0.8411286347150173, 4.893202140266456, 0.0, 7.429956548281684], [0.0, 0.5539077290995449, 2.210144927536231, 0.0, 7.993788819875777], [0.0, 1.9384553499597748, 4.994100294985251, 0.0, 7.762300884955754], [0.0, 0.0, 1.9724991100035603, 0.0, 6.519602171591314], [0.0, 2.0152965897309376, 4.723150576324937, 0.0, 7.523327437945966], [0.0, 0.8340327807222219, 1.3679896914939844, 0.0, 9.910549737043196], [0.0, 2.0832338393314003, 2.1734417344173442, 0.0, 5.786116322701691], [0.0, 1.6545787241121186, 2.3121378469045446, 0.0, 12.055992680695331], [0.0, 0.2056973536633422, 2.2498193842391907, 0.0, 9.952900966988995], [0.0, 0.7287474440112295, 2.3693819647189445, 0.0, 12.804864509231463], [0.0, 0.0, 0.6512605042016808, 0.0, 3.530924369747899], [0.0, 0.43249324932493244, 0.3300330033003298, 0.0, 4.362178217821783], [0.0, 1.2995481115015302, 5.187170540879363, 0.0, 9.29321672934886], [0.0, 0.0, 3.265460774989636, 0.0, 8.284914770648914], [0.0, 0.4414433764699564, 2.179464461508171, 0.0, 11.700531600708796], [0.0, 0.2590918893485207, 6.147185680396806, 0.0, 4.30008626266983], [0.0, 1.43967289638437, 2.254284258138498, 0.0, 10.62349493533796], [0.0, 0.0, 3.412717592046839, 0.0, 3.6868148060827544], [0.0, 1.3225357018460466, 3.528948488718603, 0.0, 13.404904214559386], [0.0, 1.553617021276596, 3.3578723404255317, 0.0, 6.440051063829788], [0.0, 2.8591407295603415, 3.7122705752642844, 0.0, 5.768921460535703], [0.0, 0.7584294940573016, 1.403893499835021, 0.0, 11.054633366329094], [0.0, 1.4155844155844155, 5.357142857142857, 0.0, 12.228571428571428], [0.0, 1.2270609552985985, 2.8493245057857806, 0.0, 10.753879567029811], [0.0, 2.8147385015349724, 5.562861271676301, 0.0, 7.19242470337694], [0.0, 3.698743261709293, 6.497129837850634, 0.0, 10.808557225707183], [0.0, 0.5947757773718151, 3.787645861440507, 0.0, 5.840019882127389], [0.0, 0.0, 2.678960973456907, 0.0, 10.75146585965576], [0.0, 2.1707036639583017, 4.951377178189995, 0.0, 5.992580101180439], [0.0, 1.305613476283514, 2.757991692252122, 0.0, 4.7041719342604305], [0.0, 0.0, 2.985643249710248, 0.0, 13.31371742625341], [0.0, 1.2890301188173527, 4.622340425531914, 0.0, 10.68559270516717], [0.0, 0.7494172494172494, 3.8653846153846154, 0.0, 6.318461538461539], [0.0, 1.088431001749895, 3.1249846744860843, 0.0, 3.5852098573705513], [0.0, 2.013513937719739, 4.80317679558011, 0.0, 12.207009668508286], [0.0, 1.2737691285688342, 4.637446115024709, 0.0, 10.092918725686047], [0.0, 0.0, 1.0221712538226297, 0.0, 7.496697247706422], [0.0, 1.8258577876341149, 3.96724503235412, 0.0, 10.917539941590789], [0.0, 1.2623504452366174, 1.3057187207846042, 0.0, 14.0880298460073], [0.0, 0.7385961736423887, 4.795494397717478, 0.0, 8.534698487235119], [0.0, 1.2736239176692585, 3.1204119436675004, 0.0, 7.748343883409392], [0.0, 0.0, 0.0, 0.0, 5.365716230524884], [0.0, 0.7840043300964638, 1.5249949543367478, 0.0, 9.309122559160402], [0.0, 3.5887758450935343, 8.653028479743282, 0.0, 6.032490974729242], [0.0, 1.8976424694708278, 4.769353464160678, 0.0, 9.481757877280266], [0.0, 4.396745434660126, 9.003189938024061, 0.0, 7.89008384979949], [0.0, 1.9377924485096198, 5.800991714588976, 0.0, 6.6210731429114595], [0.0, 0.5609661984874208, 2.037917374080362, 0.0, 7.239898132427845], [0.0, 0.7511189998456552, 2.4790605546123374, 0.0, 11.063667232597622], [0.0, 1.4604015616285555, 3.867331288343558, 0.0, 4.067239263803681], [0.0, 0.33506596401089983, 1.8803057646316592, 0.0, 6.281130331440645], [0.0, 0.3417249513100493, 1.3416361692503802, 0.0, 9.994901106131008], [0.0, 2.8203381466303346, 8.257670521595468, 0.0, 3.6338801038470616], [0.0, 1.9131412873605487, 6.061834513116412, 0.0, 8.996133484028315], [0.0, 2.6366178454799662, 4.727414497741449, 0.0, 9.033878253387826], [0.0, 0.4181539629161637, 2.5430081264709794, 0.0, 11.775767129979126], [0.0, 0.0, 1.3384244372990355, 0.0, 8.327073954983923], [0.0, 4.062200956937798, 5.218567251461989, 0.0, 8.798947368421054], [0.0, 4.393048128342246, 8.218137254901961, 0.0, 11.823529411764703], [0.0, 3.6271385441127135, 8.310373103731038, 0.0, 3.0459040590405904], [0.0, 0.0, 1.7730462671874507, 0.0, 7.349814232637897], [0.0, 0.0, 0.0, 0.0, 7.354167893961708], [0.0, 1.2974480050739274, 5.252953986369318, 0.0, 5.906742751139252], [0.0, 1.1621463071237215, 3.3243648574364864, 0.0, 6.831791783179179], [0.0, 0.7211112312182466, 1.58026159334126, 0.0, 13.017550535077287], [0.0, 2.23267572122534, 5.061795710650673, 0.0, 9.733086150490731], [0.0, 0.35953147452963646, 1.42586692807254, 0.0, 3.8478127680431324], [0.0, 3.790221805685723, 6.16733486063383, 0.0, 17.78714776632302], [0.0, 4.3988209290608244, 6.661990776325904, 0.0, 10.549637930336987], [0.0, 1.2850387195715445, 3.5305835553002205, 0.0, 10.029717449208754], [0.0, 2.912313108540385, 6.72156188464941, 0.0, 3.226877086841129], [0.0, 1.4464809384164223, 4.799059139784946, 0.0, 10.197580645161292], [0.0, 0.0, 2.7786823996978205, 0.0, 9.062693994186333]],