{"host": "Thailand Swine", "virus": "h3nx", "subtype": null, "gene": "pb2", "window": 3, "min_seqs": 3, "midfreq_high": 0.75, "midfreq_low": 0.15, "window_midpoint": [2012.5, 2013.5, 2014.5, 2015.5, 2016.5], "adaptive_substitutions": [0.0, 0.0, 0.8490361023484052, 0.9557833859095689, 2.749320788964535], "adaptive_substitutions_per_codon": [0.0, 0.0, 0.0011171527662479017, 0.0012576097183020643, 0.003617527353900704], "rate_of_adaptation": 0.0008492664426103472, "bootstrap_adaptive_substitutions": [[0.0, 0.0, 0.0, 0.0, 2.7428307123034226], [0.0, 0.0, 1.7222222222222223, 1.9166666666666667, 2.782608695652174], [0.0, 0.0, 0.0, 0.0, 0.0], [0.0, 0.0, 0.8611111111111112, 0.9583333333333334, 0.9347826086956522], [0.0, 0.0, 0.0, 0.0, 0.9130434782608695], [0.0, 0.0, 0.0, 0, 3.642366426693358], [0.0, 0.0, 0.8349293205654356, 0.9541723666210671, 1.827098078867543], [0.0, 0.0, 0.8611111111111112, 0.9583333333333334, 1.8478260869565217], [0.0, 0.0, 1.7222222222222223, 1.9166666666666667, 3.6975023126734508], [0.0, 0.0, 0.0, 0, 2.7292161192477202], [0.0, 0.0, 1.7222222222222223, 1.9166666666666667, 1.8695652173913044], [0.0, 0.0, 0.0, 0.0, 2.7428307123034226], [0.0, 0.0, 1.6769692227438706, 1.9070813771517998, 3.6498438673980362], [0.0, 0.0, 0.0, 0, 0.8956966885298352], [0.0, 0.0, 1.7222222222222223, 1.9166666666666667, 2.782608695652174], [0.0, 0.0, 0.0, 0, 0.8955850260198086], [0.0, 0.0, 0.0, 0.0, 0.9148936170212766], [0.0, 0.0, 0.8408733117905378, 0.9553194133731047, 2.747268423953571], [0.0, 0.0, 0.0, 0.0, 0.9148936170212766], [0.0, 0.0, 0.0, 0.0, 1.8297872340425532], [0.0, 0.0, 0.0, 0.0, 4.572617946345976], [0.0, 0.0, 0.0, 0, 0.905237282092661], [0.0, 0.0, 0.8480291638186376, 0.9555707450444293, 1.8345358813736048], [0.0, 0.0, 1.7222222222222223, 1.9166666666666667, 2.782608695652174], [0.0, 0.0, 0.8540834209603926, 0.9576761303890642, 1.8344808668221095], [0.0, 0.0, 0.8427676695603917, 0.9540076108930908, 3.6540105206427764], [0.0, 0.0, 0.8463841697585107, 0.9524506932239797, 4.577036819061957], [0.0, 0.0, 1.7222222222222223, 1.9166666666666667, 1.8695652173913044], [0.0, 0.0, 0.8554404642017935, 0.9565889800028773, 4.57913415582129], [0.0, 0.0, 0.0, 0.0, 0.9148936170212766], [0.0, 0.0, 0.0, 0, 0.888139661756683], [0.0, 0.0, 1.707228146932823, 1.914137270987148, 3.68145664657417], [0.0, 0.0, 1.6823572340813722, 1.90831964969896, 3.6495976935544387], [0.0, 0.0, 0.8540840963965196, 0.958316249829165, 2.755441467458153], [0.0, 0.0, 0.0, 0, 0.8914158305462653], [0.0, 0.0, 2.560570535365377, 2.872508792497069, 3.700154973522194], [0.0, 0.0, 0.0, 0.0, 0.0], [0.0, 0.0, 1.7116821578275925, 1.914980863860033, 4.59885117408956], [0.0, 0.0, 0.8611111111111112, 0.9583333333333334, 3.677613320999075], [0.0, 0.0, 1.7222222222222223, 1.9166666666666667, 3.6956521739130435], [0.0, 0.0, 0.0, 0.0, 0.9148936170212766], [0.0, 0.0, 0.8213764147499087, 0.947289156626506, 2.714007151303051], [0.0, 0.0, 0.8611111111111112, 0.9583333333333334, 2.760869565217391], [0.0, 0.0, 0.826735453077841, 0.9430932827963783, 3.6352678756655328], [0.0, 0.0, 0.0, 0.0, 0.9130434782608695], [0.0, 0.0, 0.8351569623550866, 0.9535951543571708, 2.7425118724467055], [0.0, 0.0, 0.0, 0.0, 0.9148936170212766], [0.0, 0.0, 0.8611111111111112, 0.9583333333333334, 4.58695652173913], [0.0, 0.0, 2.5738937297112594, 2.8749359302921578, 3.71263343213068], [0.0, 0.0, 0.0, 0, 2.7312084218235446], [0.0, 0.0, 0.8452506133894147, 0.9551524710830704, 1.8394867469949836], [0.0, 0.0, 1.7085922611649682, 1.91436738752175, 2.77087528395353], [0.0, 0.0, 0.0, 0.0, 0.9130434782608695], [0.0, 0.0, 0.8404558404558405, 0.9541880341880342, 0.9162541806020067], [0.0, 0.0, 0.0, 0, 3.6455624392649635], [0.0, 0.0, 0.0, 0.0, 2.7409805735430157], [0.0, 0.0, 0.0, 0, 0.8749344766871413], [0.0, 0.0, 0.8611111111111112, 0.9583333333333334, 1.8478260869565217], [0.0, 0.0, 2.5511918718249316, 2.8713364595545134, 3.6947856669555024], [0.0, 0.0, 3.42762449250145, 3.8302261993537163, 5.5529362502336825], [0.0, 0.0, 0.8611111111111112, 0.9583333333333334, 1.8478260869565217], [0.0, 0.0, 0.8466621098200046, 0.9528366370471634, 5.492026256036189], [0.0, 0.0, 0.8480291638186376, 0.9548872180451128, 4.5773899891432395], [0.0, 0.0, 0.0, 0, 3.6354816849163605], [0.0, 0.0, 1.714369941576888, 1.9156616819424346, 4.604569209067911], [0.0, 0.0, 2.54655215334827, 2.867998506348021, 6.418684052536204], [0.0, 0.0, 1.6996222482740655, 1.9118796404845644, 2.770138153093018], [0.0, 0.0, 0.0, 0.0, 1.826086956521739], [0.0, 0.0, 0.8427529626253419, 0.9528258887876025, 5.48139868466434], [0.0, 0.0, 1.7222222222222223, 1.9166666666666667, 1.8695652173913044], [0.0, 0.0, 0.8421909600104208, 0.9524228214146151, 3.6526163846813717], [0.0, 0.0, 0.8452950558213717, 0.9569377990430622, 1.8367856399893012], [0.0, 0.0, 0.8611111111111112, 0.9583333333333334, 0.9347826086956522], [0.0, 0.0, 0.0, 0.0, 1.8297872340425532], [0.0, 0.0, 1.7222222222222223, 1.9166666666666667, 7.353376503237744], [0.0, 0.0, 0.8373789173789175, 0.9562393162393162, 1.8271571906354516], [0.0, 0.0, 0.8357950401167031, 0.9550054704595187, 2.7234088098182854], [0.0, 0.0, 0.0, 0, 1.7984270567068614], [0.0, 0.0, 0.8611111111111112, 0.9583333333333334, 4.592506938020351], [0.0, 0.0, 2.5713309413975742, 2.8708354689902613, 6.450833581867692], [0.0, 0.0, 0.0, 0, 0.8936918510388865], [0.0, 0.0, 2.5833333333333335, 2.875, 7.373265494912118], [0.0, 0.0, 0.0, 0, 0.9012760754947657], [0.0, 0.0, 3.4346302138100246, 3.8307045215562567, 4.639294729439093], [0.0, 0.0, 0.0, 0.0, 0.0], [0.0, 0.0, 0.8471742467856458, 0.951388888888889, 3.659200206423081], [0.0, 0.0, 0.0, 0.0, 0.9130434782608695], [0.0, 0.0, 1.6903784769721844, 1.9097127222982218, 2.7554362062790827], [0.0, 0.0, 0.0, 0.0, 1.826086956521739], [0.0, 0.0, 1.700091157702826, 1.9129443938012762, 2.759621101026515], [0.0, 0.0, 0.8012776637006617, 0.9479808350444902, 4.542787783005697], [0.0, 0.0, 0.0, 0, 2.724572164897601], [0.0, 0.0, 0.848712690817954, 0.9555707450444293, 2.750254030501365], [0.0, 0.0, 0.8528389999430492, 0.9562617461131044, 3.6682220413071214], [0.0, 0.0, 0.0, 0.0, 0.9130434782608695], [0.0, 0.0, 2.5616625649439433, 2.8716160787530765, 3.7058856116423664], [0.0, 0.0, 2.5833333333333335, 2.875, 4.632284921369103], [0.0, 0.0, 0.0, 0, 0.8876811594202898], [0.0, 0.0, 0.8404558404558405, 0.9572649572649573, 2.7452396878483833], [0.0, 0.0, 1.7222222222222223, 1.9166666666666667, 5.525439407955596]],