{"host": "Thailand Swine", "virus": "h3nx", "subtype": null, "gene": "pa", "window": 3, "min_seqs": 3, "midfreq_high": 0.75, "midfreq_low": 0.15, "window_midpoint": [2012.5, 2013.5, 2014.5, 2015.5, 2016.5], "adaptive_substitutions": [0.0, 3.001489486491248, 3.0910937953869766, 0.6046710926104159, 1.1450196746344043], "adaptive_substitutions_per_codon": [0.0, 0.004186177805427124, 0.0043111489475411114, 0.0008433348571972327, 0.0015969590999085138], "rate_of_adaptation": -1.4892474841286417e-05, "bootstrap_adaptive_substitutions": [[0.0, 2.538590481743313, 2.6517382115006196, 0.2819954962525788, 0.0], [0.0, 0.318212453648159, 0.34055008510570617, 0.0, 0.0], [0.0, 1.8619629655636802, 1.8840833923063984, 0.0, 0.3736968515016066], [0.0, 3.4813695871097687, 3.626915435072536, 3.118965410937789, 2.5060422960725077], [0.0, 4.747811740668358, 4.812983192539861, 0.0, 0.42190146549819585], [0.0, 4.262596535209513, 4.378263225158525, 0.6586489872892651, 0.16155619193965232], [0.0, 1.2533354139034094, 1.2977127084172415, 0.8439492829198465, 1.705313255832098], [0.0, 1.9123003744771405, 1.9757645657173128, 0.0, 0.0], [0.0, 2.755023897988695, 2.8217050848119856, 0.7906480187387382, 1.325500207618843], [0.0, 3.87944865180466, 4.015493657847243, 0.0, 0.0], [0.0, 1.9989728956178314, 2.0419694619090394, 0.0, 0.0], [0.0, 1.3312165478395803, 1.3977592237020366, 0.0, 0.0], [0.0, 3.41790494771773, 3.507649229342184, 1.778505856005955, 2.4196368819948098], [0.0, 5.380211376054924, 5.473894578019061, 1.5135619089273875, 1.9032486217821405], [0.0, 5.0932879173535905, 5.181245711308543, 0.0, 0.0], [0.0, 2.319609918897581, 2.409202534911284, 0.6640537001422259, 1.2639237780808155], [0.0, 4.363776930132976, 4.42880991224415, 0.0, 0.29139837356660936], [0.0, 1.3694443505373939, 1.3911260437768664, 0.0, 0.0], [0.0, 0.3821963890308296, 0.4033062188401994, 0.0, 1.5355987055016183], [0.0, 0.4575265353182545, 0.5060943475945685, 1.5780294416250682, 1.0365560039336705], [0.0, 2.608872887974551, 2.694720779411333, 0.0, 0.0], [0.0, 0.48989034266570286, 0.5118886509617142, 0.0, 0.42131938399459823], [0.0, 2.6121854741237227, 2.700238860990427, 0.7960887904222231, 1.4251913709116217], [0.0, 3.697077176647814, 3.786337773179879, 0.6838280766852196, 3.324960127591707], [0.0, 3.128810321437471, 3.234869272218036, 0.0, 0.0], [0.0, 3.1057702602694115, 3.1920953211275798, 0.0, 0.0], [0.0, 1.5686667528772795, 1.6117936117936122, 0.0, 0.0], [0.0, 2.4530243650258696, 2.517735663562231, 0.0, 1.4969145826567067], [0.0, 3.82515168229454, 3.894348894348895, 2.7817481352466773, 3.689239332096475], [0.0, 3.525865338724838, 3.636476604482042, 0.0, 0.0], [0.0, 3.107878326875688, 3.222507467890054, 0.33271408827383187, 0.06288478452066826], [0.0, 3.0827157962309784, 3.1705767958265807, 0.0, 0.9982941530063524], [0.0, 2.456107883938753, 2.5208044530979983, 0.0, 0.40786845682265804], [0.0, 0.5027108868966472, 0.5468800647128631, 0.0, 0.1755071525949753], [0.0, 1.9177500632572086, 1.961210209043808, 0.0, 0.0], [0.0, 5.358914213912257, 5.494183155453794, 1.5741424854188804, 1.1723121560319618], [0.0, 5.173269239344495, 5.2859514566402215, 1.5698573403603604, 3.2761826196163413], [0.0, 3.155368941808985, 3.247160375620405, 1.5664922599901352, 1.1558497727742203], [0.0, 1.140413970099698, 1.186498311406565, 0.5834068826607939, 1.8661506639087213], [0.0, 5.238675476676568, 5.366195210754797, 0.8938881251982658, 1.7823834196891193], [0.0, 0.994744268772672, 1.0161737214295385, 0.0, 0.40940214290242827], [0.0, 6.404370454623789, 6.606842598984054, 2.544765646926747, 2.0471512770137528], [0.0, 2.769163765513489, 2.8623257390079457, 0.35074987463060303, 3.048465124461255], [0.0, 4.665979176423042, 4.826737200952148, 3.3155349141921313, 4.6488154425491235], [0.0, 2.491669945408941, 2.58481917957893, 2.537506887868018, 2.433654650076231], [0.0, 2.8049762677216075, 2.922903214541682, 0.4730492455395991, 0.0], [0.0, 4.698696932293073, 4.810403451744577, 0.7730494227835705, 0.4029529375576746], [0.0, 3.8957946943346586, 4.030054621617938, 1.4271981707954895, 1.129299668766258], [0.0, 3.8312230846592223, 3.9401459274070736, 1.8319551240388363, 1.684468397844194], [0.0, 1.5709858332660498, 1.6387418217355303, 0.7227995197184525, 3.1724230021551323], [0.0, 4.559500789212876, 4.649262912856424, 0.0, 0.0], [0.0, 3.3243698620515607, 3.4118871991905095, 0.0, 0.0], [0.0, 1.5045004431908526, 1.5476734764743332, 0.0, 0.34903640256959323], [0.0, 1.4460485871027606, 1.4887562336555118, 0.0, 1.380590693066464], [0.0, 4.008990208991717, 4.118151796769234, 0.6984264501874247, 1.391331861773857], [0.0, 5.642701204824189, 5.748896460930847, 0.0, 2.449498567335244], [0.0, 2.0466972167230013, 2.090016209700997, 0.0, 0.4532215492119678], [0.0, 1.4185563869690219, 1.4877951007499193, 0.6292002149577487, 0.13634546181527418], [0.0, 3.105906864219057, 3.172014564770982, 0.0, 2.2453974687849887], [0.0, 5.040821255954912, 5.177614770050829, 2.718328631059925, 2.3019932787768402], [0.0, 3.225079588015821, 3.315631629533362, 1.74050952246027, 3.164881161650669], [0.0, 1.5727340806440293, 1.63917897443909, 0.0, 0.8732770120053357], [0.0, 2.1445168189772503, 2.188994750145829, 0.8826163558948759, 1.6842352205192368], [0.0, 1.7959053908159412, 1.8626051985393353, 0.7894725459183336, 0.36670662807410315], [0.0, 2.931558519652326, 3.049304046297432, 2.418358979736868, 5.92281200459192], [0.0, 0.972386720463271, 1.0201929478453693, 0.5474472972741176, 0.0], [0.0, 2.815431435732188, 2.899338113623828, 0.0, 0.0], [0.0, 0.22108269219474952, 0.2429190363794228, 0.0, 0.0], [0.0, 4.889566920725198, 5.026410696087826, 1.223723357033037, 2.2982614585685264], [0.0, 2.0925943219216574, 2.1369842104728267, 0.8424860234770545, 2.611889575514201], [0.0, 3.241565703634669, 3.3325256290773537, 1.7695988740323716, 3.47976011994003], [0.0, 0.2982751139075721, 0.32255194009370636, 0.6231474798641523, 1.0406270340637884], [0.0, 3.3658050600286256, 3.456580643016866, 1.5915401506409415, 2.9873355927111596], [0.0, 0.0, 0.0, 0.0, 0.0], [0.0, 2.899324188764435, 2.9647996153714073, 0.8667634779451806, 1.705209656925032], [0.0, 2.3647082249468303, 2.4540256115426216, 0.7357419619912463, 0.6223404706021912], [0.0, 4.049275977056738, 4.140457179821073, 1.6092623312440262, 2.2021978374305666], [0.0, 5.966279527444591, 6.1253155285249425, 1.3536345535090681, 2.905512979353221], [0.0, 2.0247194161834825, 2.095509214798555, 1.1402154770537658, 0.7131979695431472], [0.0, 0.2069377990430623, 0.22850122850122856, 0.0, 0.0], [0.0, 3.3941640129962503, 3.505931357493858, 0.4005536873840445, 0.0], [0.0, 3.155883561116189, 3.2514101009424796, 2.4960181120102645, 4.096074163790513], [0.0, 1.1935383301426135, 1.2380667329659947, 0.0, 0.0], [0.0, 1.79142294866889, 1.882408128349199, 0.8061196599122894, 1.2315093205051113], [0.0, 5.056668423827095, 5.209861944179288, 1.6407001387798135, 2.4375329467580396], [0.0, 3.9794038093091397, 4.113389085016494, 1.6816960188786434, 1.3966809421841542], [0.0, 3.286813944897742, 3.381366706062006, 2.742712988002724, 3.179743779447841], [0.0, 3.051566317320389, 3.1402052276491736, 0.0, 0.0], [0.0, 3.4612720618042916, 3.5703006377163677, 0.0, 0.0], [0.0, 1.627462545230423, 1.6710225289852265, 0.0, 0.05882352941176494], [0.0, 5.912530916444911, 6.096727367182344, 2.7192021498323045, 3.141651767189045], [0.0, 1.868673417045794, 1.9351183108408543, 0.0, 0.0], [0.0, 3.4815382244230215, 3.568615335016925, 0.8715259463626405, 3.4751491053677936], [0.0, 5.005710931394564, 5.139664982266056, 2.669739150403063, 3.412534345152427], [0.0, 3.2109270717493628, 3.275215429719963, 0.0, 0.44836112343878787], [0.0, 1.090572023382392, 1.1118548499176057, 0.0, 0.34998425857907456], [0.0, 1.6560957837649393, 1.7037725241583357, 1.5353109664306732, 2.964672728857384], [0.0, 1.9052866342905412, 1.9492979307432436, 0.0, 0.15087890625], [0.0, 4.216323176105344, 4.303897728062252, 0.7495409474843922, 1.424164524421594], [0.0, 5.838938343211295, 5.999215051722878, 2.4920373844642207, 